{"text": " Um, I actually really like what you did there, but can you just make the Bitcoin Ethereum so on a widget even smaller and just make the Jane status widget a little bit bigger? And also just double check if the age in Jane status is dynamically updating every day. Um, I feel like you're more than five days old. Thanks.", "segments": [{"id": 0, "seek": 0, "start": 0.0, "end": 5.28, "text": " Um, I actually really like what you did there, but can you just make the Bitcoin", "tokens": [50364, 3301, 11, 286, 767, 534, 411, 437, 291, 630, 456, 11, 457, 393, 291, 445, 652, 264, 11414, 50628], "temperature": 0.0, "avg_logprob": -0.2874314234806941, "compression_ratio": 1.5485436893203883, "no_speech_prob": 0.008675157092511654}, {"id": 1, "seek": 0, "start": 5.28, "end": 10.56, "text": " Ethereum so on a widget even smaller and just make the Jane status widget a little bit bigger?", "tokens": [50628, 26894, 370, 322, 257, 34047, 754, 4356, 293, 445, 652, 264, 13048, 6558, 34047, 257, 707, 857, 3801, 30, 50892], "temperature": 0.0, "avg_logprob": -0.2874314234806941, "compression_ratio": 1.5485436893203883, "no_speech_prob": 0.008675157092511654}, {"id": 2, "seek": 0, "start": 10.56, "end": 16.32, "text": " And also just double check if the age in Jane status is dynamically updating every day.", "tokens": [50892, 400, 611, 445, 3834, 1520, 498, 264, 3205, 294, 13048, 6558, 307, 43492, 25113, 633, 786, 13, 51180], "temperature": 0.0, "avg_logprob": -0.2874314234806941, "compression_ratio": 1.5485436893203883, "no_speech_prob": 0.008675157092511654}, {"id": 3, "seek": 0, "start": 16.32, "end": 19.52, "text": " Um, I feel like you're more than five days old. Thanks.", "tokens": [51180, 3301, 11, 286, 841, 411, 291, 434, 544, 813, 1732, 1708, 1331, 13, 2561, 13, 51340], "temperature": 0.0, "avg_logprob": -0.2874314234806941, "compression_ratio": 1.5485436893203883, "no_speech_prob": 0.008675157092511654}], "language": "en"}