{"text": " Can you use the actual NASDAQ logo, just go find the actual NASDAQ logo, just an N, and use that logo, and then can you all show the sense for the stock price?", "segments": [{"id": 0, "seek": 0, "start": 0.0, "end": 14.0, "text": " Can you use the actual NASDAQ logo, just go find the actual NASDAQ logo, just an N, and use that logo, and then can you all show the sense for the stock price?", "tokens": [50364, 1664, 291, 764, 264, 3539, 10182, 7509, 48, 9699, 11, 445, 352, 915, 264, 3539, 10182, 7509, 48, 9699, 11, 445, 364, 426, 11, 293, 764, 300, 9699, 11, 293, 550, 393, 291, 439, 855, 264, 2020, 337, 264, 4127, 3218, 30, 51064], "temperature": 0.0, "avg_logprob": -0.35400530497233074, "compression_ratio": 1.5142857142857142, "no_speech_prob": 0.005918677430599928}], "language": "en"}