{"text": " All right, can you once again check what a tick-tock stats widget does not seem to be updating? I've gained followers and I still don't see it updating.", "segments": [{"id": 0, "seek": 0, "start": 0.0, "end": 5.76, "text": " All right, can you once again check what a tick-tock stats widget does not seem to be updating?", "tokens": [50364, 1057, 558, 11, 393, 291, 1564, 797, 1520, 437, 257, 5204, 12, 1353, 547, 18152, 34047, 775, 406, 1643, 281, 312, 25113, 30, 50652], "temperature": 0.0, "avg_logprob": -0.3532903019974871, "compression_ratio": 1.2666666666666666, "no_speech_prob": 0.011391452513635159}, {"id": 1, "seek": 0, "start": 5.76, "end": 9.040000000000001, "text": " I've gained followers and I still don't see it updating.", "tokens": [50652, 286, 600, 12634, 13071, 293, 286, 920, 500, 380, 536, 309, 25113, 13, 50816], "temperature": 0.0, "avg_logprob": -0.3532903019974871, "compression_ratio": 1.2666666666666666, "no_speech_prob": 0.011391452513635159}], "language": "en"}