{"text": " All right, I'm not going to do this right now. I'm just more of a security as I'll continue to communicate with me. I'll continue to talk to you via this or via tax and you can just continue to write back in written summaries.", "segments": [{"id": 0, "seek": 0, "start": 0.0, "end": 2.7, "text": " All right, I'm not going to do this right now.", "tokens": [50364, 1057, 558, 11, 286, 478, 406, 516, 281, 360, 341, 558, 586, 13, 50499], "temperature": 0.0, "avg_logprob": -0.4050109738209208, "compression_ratio": 1.5694444444444444, "no_speech_prob": 0.02394292876124382}, {"id": 1, "seek": 0, "start": 2.7, "end": 6.8, "text": " I'm just more of a security as I'll continue to communicate with me.", "tokens": [50499, 286, 478, 445, 544, 295, 257, 3825, 382, 286, 603, 2354, 281, 7890, 365, 385, 13, 50704], "temperature": 0.0, "avg_logprob": -0.4050109738209208, "compression_ratio": 1.5694444444444444, "no_speech_prob": 0.02394292876124382}, {"id": 2, "seek": 0, "start": 6.8, "end": 14.0, "text": " I'll continue to talk to you via this or via tax and you can just continue to write back in written summaries.", "tokens": [50704, 286, 603, 2354, 281, 751, 281, 291, 5766, 341, 420, 5766, 3366, 293, 291, 393, 445, 2354, 281, 2464, 646, 294, 3720, 8367, 4889, 13, 51064], "temperature": 0.0, "avg_logprob": -0.4050109738209208, "compression_ratio": 1.5694444444444444, "no_speech_prob": 0.02394292876124382}], "language": "en"}