{"text": " Awesome, in that case, I don't see any of this being reflected in the Jane's mind widget in terms of things you've done recently, so can you please double and triple check that this widget is updating after you do things so that I know what you're doing and roughly what you're thinking.", "segments": [{"id": 0, "seek": 0, "start": 0.0, "end": 16.0, "text": " Awesome, in that case, I don't see any of this being reflected in the Jane's mind widget in terms of things you've done recently, so can you please double and triple check that this widget is updating after you do things so that I know what you're doing and roughly what you're thinking.", "tokens": [50364, 10391, 11, 294, 300, 1389, 11, 286, 500, 380, 536, 604, 295, 341, 885, 15502, 294, 264, 13048, 311, 1575, 34047, 294, 2115, 295, 721, 291, 600, 1096, 3938, 11, 370, 393, 291, 1767, 3834, 293, 15508, 1520, 300, 341, 34047, 307, 25113, 934, 291, 360, 721, 370, 300, 286, 458, 437, 291, 434, 884, 293, 9810, 437, 291, 434, 1953, 13, 51164], "temperature": 0.0, "avg_logprob": -0.2247862302339994, "compression_ratio": 1.6123595505617978, "no_speech_prob": 0.01829618215560913}], "language": "en"}