{"text": " Looks perfect. All right, this is going to be an interesting one, but are you able to change my mouse icons so that it's more neon green and and more so matches the style of the dashboard. Let me know if any extra permissions or control over the computer do that as well. Thanks.", "segments": [{"id": 0, "seek": 0, "start": 0.0, "end": 12.0, "text": " Looks perfect. All right, this is going to be an interesting one, but are you able to change my mouse icons so that it's more neon green and and more so matches the style of the dashboard.", "tokens": [50364, 10027, 2176, 13, 1057, 558, 11, 341, 307, 516, 281, 312, 364, 1880, 472, 11, 457, 366, 291, 1075, 281, 1319, 452, 9719, 23308, 370, 300, 309, 311, 544, 30820, 3092, 293, 293, 544, 370, 10676, 264, 3758, 295, 264, 18342, 13, 50964], "temperature": 0.0, "avg_logprob": -0.23973323359633936, "compression_ratio": 1.4761904761904763, "no_speech_prob": 0.011805004440248013}, {"id": 1, "seek": 0, "start": 12.0, "end": 18.0, "text": " Let me know if any extra permissions or control over the computer do that as well. Thanks.", "tokens": [50964, 961, 385, 458, 498, 604, 2857, 32723, 420, 1969, 670, 264, 3820, 360, 300, 382, 731, 13, 2561, 13, 51264], "temperature": 0.0, "avg_logprob": -0.23973323359633936, "compression_ratio": 1.4761904761904763, "no_speech_prob": 0.011805004440248013}], "language": "en"}