{"text": " So because I'm on a Mac when I shake by mouse it gets bigger and move back and forth in the track pad the mouse gets bigger And it looks like it breaks the four by that you've put on it when I'm in the dashboard Are you able to make sure that even when that happens the mouse stays in the format you have it in", "segments": [{"id": 0, "seek": 0, "start": 0.0, "end": 6.8, "text": " So because I'm on a Mac when I shake by mouse it gets bigger and move back and forth in the track pad the mouse gets bigger", "tokens": [50364, 407, 570, 286, 478, 322, 257, 5707, 562, 286, 10283, 538, 9719, 309, 2170, 3801, 293, 1286, 646, 293, 5220, 294, 264, 2837, 6887, 264, 9719, 2170, 3801, 50704], "temperature": 0.0, "avg_logprob": -0.2624986574247286, "compression_ratio": 1.6666666666666667, "no_speech_prob": 0.008264325559139252}, {"id": 1, "seek": 0, "start": 6.8, "end": 10.72, "text": " And it looks like it breaks the four by that you've put on it when I'm in the dashboard", "tokens": [50704, 400, 309, 1542, 411, 309, 9857, 264, 1451, 538, 300, 291, 600, 829, 322, 309, 562, 286, 478, 294, 264, 18342, 50900], "temperature": 0.0, "avg_logprob": -0.2624986574247286, "compression_ratio": 1.6666666666666667, "no_speech_prob": 0.008264325559139252}, {"id": 2, "seek": 0, "start": 10.72, "end": 16.32, "text": " Are you able to make sure that even when that happens the mouse stays in the format you have it in", "tokens": [50900, 2014, 291, 1075, 281, 652, 988, 300, 754, 562, 300, 2314, 264, 9719, 10834, 294, 264, 7877, 291, 362, 309, 294, 51180], "temperature": 0.0, "avg_logprob": -0.2624986574247286, "compression_ratio": 1.6666666666666667, "no_speech_prob": 0.008264325559139252}], "language": "en"}