{"text": " How can I give you the ultimate access to my system?", "segments": [{"id": 0, "seek": 0, "start": 0.0, "end": 4.0, "text": " How can I give you the ultimate access to my system?", "tokens": [50364, 1012, 393, 286, 976, 291, 264, 9705, 2105, 281, 452, 1185, 30, 50564], "temperature": 0.0, "avg_logprob": -0.291342035929362, "compression_ratio": 0.8813559322033898, "no_speech_prob": 0.052389852702617645}], "language": "en"}