{"text": " are some as usual looks really really good. Can you not just make sure that the data in Jane status just, you know, fills up the bubble. It's in or the widget. It's in and got visually pleasing life.", "segments": [{"id": 0, "seek": 0, "start": 0.0, "end": 6.0, "text": " are some as usual looks really really good. Can you not just make sure that the data in", "tokens": [50364, 366, 512, 382, 7713, 1542, 534, 534, 665, 13, 1664, 291, 406, 445, 652, 988, 300, 264, 1412, 294, 50664], "temperature": 0.0, "avg_logprob": -0.3285074234008789, "compression_ratio": 1.368, "no_speech_prob": 0.011248011142015457}, {"id": 1, "seek": 0, "start": 6.0, "end": 14.0, "text": " Jane status just, you know, fills up the bubble. It's in or the widget. It's in and", "tokens": [50664, 13048, 6558, 445, 11, 291, 458, 11, 22498, 493, 264, 12212, 13, 467, 311, 294, 420, 264, 34047, 13, 467, 311, 294, 293, 51064], "temperature": 0.0, "avg_logprob": -0.3285074234008789, "compression_ratio": 1.368, "no_speech_prob": 0.011248011142015457}, {"id": 2, "seek": 1400, "start": 14.0, "end": 16.0, "text": " got visually pleasing life.", "tokens": [50364, 658, 19622, 32798, 993, 13, 50464], "temperature": 0.0, "avg_logprob": -0.6160356402397156, "compression_ratio": 0.7714285714285715, "no_speech_prob": 0.06894184648990631}], "language": "en"}