{"text": " You just double check my solar line ups and make sure nothing has changed in terms of injuries or anything that would impact the line ups I have set for next couple of days.", "segments": [{"id": 0, "seek": 0, "start": 0.0, "end": 9.28, "text": " You just double check my solar line ups and make sure nothing has changed in terms of injuries or anything that would impact the line ups I have set for next couple of days.", "tokens": [50364, 509, 445, 3834, 1520, 452, 7936, 1622, 15497, 293, 652, 988, 1825, 575, 3105, 294, 2115, 295, 14799, 420, 1340, 300, 576, 2712, 264, 1622, 15497, 286, 362, 992, 337, 958, 1916, 295, 1708, 13, 50828], "temperature": 0.0, "avg_logprob": -0.4393708580418637, "compression_ratio": 1.3410852713178294, "no_speech_prob": 0.004517858847975731}], "language": "en"}