{"text": " So based on what we just did, Jane's mind, that widget should currently say that we just discussed what it would be like to add a voice to Jane, but still says discussing Claudo as 4.6 separated with Josh. So, please, I'm curious why it did not upgrade. It's really getting frustrating that that's not upgrading as often as it needs to be asked after you do stuff. Like, I would never know that you just helped me know what it would be like to set up a voice for you. Like, how am I supposed to know that?", "segments": [{"id": 0, "seek": 0, "start": 0.0, "end": 13.0, "text": " So based on what we just did, Jane's mind, that widget should currently say that we just discussed what it would be like to add a voice to Jane, but still says discussing Claudo as 4.6 separated with Josh.", "tokens": [50364, 407, 2361, 322, 437, 321, 445, 630, 11, 13048, 311, 1575, 11, 300, 34047, 820, 4362, 584, 300, 321, 445, 7152, 437, 309, 576, 312, 411, 281, 909, 257, 3177, 281, 13048, 11, 457, 920, 1619, 10850, 24858, 78, 382, 1017, 13, 21, 12005, 365, 9785, 13, 51014], "temperature": 0.0, "avg_logprob": -0.3028033824449175, "compression_ratio": 1.5895196506550218, "no_speech_prob": 0.1010233610868454}, {"id": 1, "seek": 0, "start": 13.0, "end": 24.0, "text": " So, please, I'm curious why it did not upgrade. It's really getting frustrating that that's not upgrading as often as it needs to be asked after you do stuff.", "tokens": [51014, 407, 11, 1767, 11, 286, 478, 6369, 983, 309, 630, 406, 11484, 13, 467, 311, 534, 1242, 16522, 300, 300, 311, 406, 36249, 382, 2049, 382, 309, 2203, 281, 312, 2351, 934, 291, 360, 1507, 13, 51564], "temperature": 0.0, "avg_logprob": -0.3028033824449175, "compression_ratio": 1.5895196506550218, "no_speech_prob": 0.1010233610868454}, {"id": 2, "seek": 2400, "start": 24.0, "end": 32.0, "text": " Like, I would never know that you just helped me know what it would be like to set up a voice for you. Like, how am I supposed to know that?", "tokens": [50414, 1743, 11, 286, 576, 1128, 458, 300, 291, 445, 4254, 385, 458, 437, 309, 576, 312, 411, 281, 992, 493, 257, 3177, 337, 291, 13, 1743, 11, 577, 669, 286, 3442, 281, 458, 300, 30, 50764], "temperature": 0.0, "avg_logprob": -0.20960659729807, "compression_ratio": 1.2962962962962963, "no_speech_prob": 0.5608821511268616}], "language": "en"}