{"text": " Awesome. Now can you just put the green and red dot to the left of it, which indicates whether the market trades on is open or closed somewhere to eye bit. Also, can you just make the text for eye bit? Light, please.", "segments": [{"id": 0, "seek": 0, "start": 0.0, "end": 4.88, "text": " Awesome. Now can you just put the green and red dot to the left of it, which indicates", "tokens": [50364, 10391, 13, 823, 393, 291, 445, 829, 264, 3092, 293, 2182, 5893, 281, 264, 1411, 295, 309, 11, 597, 16203, 50608], "temperature": 0.0, "avg_logprob": -0.3528799759714227, "compression_ratio": 1.4304635761589404, "no_speech_prob": 0.01913844421505928}, {"id": 1, "seek": 0, "start": 4.88, "end": 9.6, "text": " whether the market trades on is open or closed somewhere to eye bit. Also, can you just make", "tokens": [50608, 1968, 264, 2142, 21287, 322, 307, 1269, 420, 5395, 4079, 281, 3313, 857, 13, 2743, 11, 393, 291, 445, 652, 50844], "temperature": 0.0, "avg_logprob": -0.3528799759714227, "compression_ratio": 1.4304635761589404, "no_speech_prob": 0.01913844421505928}, {"id": 2, "seek": 0, "start": 9.6, "end": 11.8, "text": " the text for eye bit? Light, please.", "tokens": [50844, 264, 2487, 337, 3313, 857, 30, 8279, 11, 1767, 13, 50954], "temperature": 0.0, "avg_logprob": -0.3528799759714227, "compression_ratio": 1.4304635761589404, "no_speech_prob": 0.01913844421505928}], "language": "en"}