{"text": " Awesome and then can you just make the custom neon cursor look more like a traditional mouse what would just the neon outline. Thank you", "segments": [{"id": 0, "seek": 0, "start": 0.0, "end": 6.68, "text": " Awesome and then can you just make the custom neon cursor look more like a traditional mouse what would just the neon outline. Thank you", "tokens": [50364, 10391, 293, 550, 393, 291, 445, 652, 264, 2375, 30820, 28169, 574, 544, 411, 257, 5164, 9719, 437, 576, 445, 264, 30820, 16387, 13, 1044, 291, 50698], "temperature": 0.0, "avg_logprob": -0.3197776860204236, "compression_ratio": 1.2830188679245282, "no_speech_prob": 0.015171208418905735}], "language": "en"}