{"text": " Yes, this is me. I am just watching the YouTube video from Alex Flynn on how to update You to use the newest model quad opus 4.6 that's all", "segments": [{"id": 0, "seek": 0, "start": 0.0, "end": 5.5200000000000005, "text": " Yes, this is me. I am just watching the YouTube video from Alex Flynn on how to update", "tokens": [50364, 1079, 11, 341, 307, 385, 13, 286, 669, 445, 1976, 264, 3088, 960, 490, 5202, 40391, 322, 577, 281, 5623, 50640], "temperature": 0.0, "avg_logprob": -0.362787652015686, "compression_ratio": 1.1779661016949152, "no_speech_prob": 0.14181013405323029}, {"id": 1, "seek": 0, "start": 6.32, "end": 10.72, "text": " You to use the newest model quad opus 4.6 that's all", "tokens": [50680, 509, 281, 764, 264, 17569, 2316, 10787, 999, 301, 1017, 13, 21, 300, 311, 439, 50900], "temperature": 0.0, "avg_logprob": -0.362787652015686, "compression_ratio": 1.1779661016949152, "no_speech_prob": 0.14181013405323029}], "language": "en"}