{"text": " Can you make the width of the Bitcoin Ethereum Solano widget a lot smaller and just stack Bitcoin on top of Ethereum on top of Solano and then you know make the Jane status a little bit wider as well?", "segments": [{"id": 0, "seek": 0, "start": 0.0, "end": 7.96, "text": " Can you make the width of the Bitcoin Ethereum Solano widget a lot smaller and just stack", "tokens": [50364, 1664, 291, 652, 264, 11402, 295, 264, 11414, 26894, 7026, 3730, 34047, 257, 688, 4356, 293, 445, 8630, 50762], "temperature": 0.0, "avg_logprob": -0.38501373926798504, "compression_ratio": 1.550387596899225, "no_speech_prob": 0.011737344786524773}, {"id": 1, "seek": 0, "start": 7.96, "end": 13.56, "text": " Bitcoin on top of Ethereum on top of Solano and then you know make the Jane status a little bit wider as well?", "tokens": [50762, 11414, 322, 1192, 295, 26894, 322, 1192, 295, 7026, 3730, 293, 550, 291, 458, 652, 264, 13048, 6558, 257, 707, 857, 11842, 382, 731, 30, 51042], "temperature": 0.0, "avg_logprob": -0.38501373926798504, "compression_ratio": 1.550387596899225, "no_speech_prob": 0.011737344786524773}], "language": "en"}