{"text": " All right. That looks sick. All right. Now I really want you to like spend some time going through this so rare application. Again, remember that I like to focus on playing in the limited series championship matches, specifically the by weekly ones I believe. So I usually play what say two to three teams and I'm going to have you set those teams going forward. So if you can kind of just display to me, what you think the key information is that I can consume it to understand, you know, when matches are ending, when new matches are starting and what the scores are and what place I'm in for the matches that are getting close to ending, that would be fantastic. So give that a shot. Let's see what you can do. Again, spend some time like really thinking hard about what this should look like. I really wanted to be like a premium part of this dashboard. Thanks.", "segments": [{"id": 0, "seek": 0, "start": 0.0, "end": 5.6000000000000005, "text": " All right. That looks sick. All right. Now I really want you to like spend some time", "tokens": [50364, 1057, 558, 13, 663, 1542, 4998, 13, 1057, 558, 13, 823, 286, 534, 528, 291, 281, 411, 3496, 512, 565, 50644], "temperature": 0.0, "avg_logprob": -0.2666764992934007, "compression_ratio": 1.6199261992619927, "no_speech_prob": 0.057261258363723755}, {"id": 1, "seek": 0, "start": 5.6000000000000005, "end": 10.64, "text": " going through this so rare application. Again, remember that I like to focus on playing", "tokens": [50644, 516, 807, 341, 370, 5892, 3861, 13, 3764, 11, 1604, 300, 286, 411, 281, 1879, 322, 2433, 50896], "temperature": 0.0, "avg_logprob": -0.2666764992934007, "compression_ratio": 1.6199261992619927, "no_speech_prob": 0.057261258363723755}, {"id": 2, "seek": 0, "start": 10.64, "end": 17.68, "text": " in the limited series championship matches, specifically the by weekly ones I believe.", "tokens": [50896, 294, 264, 5567, 2638, 19070, 10676, 11, 4682, 264, 538, 12460, 2306, 286, 1697, 13, 51248], "temperature": 0.0, "avg_logprob": -0.2666764992934007, "compression_ratio": 1.6199261992619927, "no_speech_prob": 0.057261258363723755}, {"id": 3, "seek": 0, "start": 17.68, "end": 23.2, "text": " So I usually play what say two to three teams and I'm going to have you set those teams", "tokens": [51248, 407, 286, 2673, 862, 437, 584, 732, 281, 1045, 5491, 293, 286, 478, 516, 281, 362, 291, 992, 729, 5491, 51524], "temperature": 0.0, "avg_logprob": -0.2666764992934007, "compression_ratio": 1.6199261992619927, "no_speech_prob": 0.057261258363723755}, {"id": 4, "seek": 0, "start": 23.2, "end": 29.6, "text": " going forward. So if you can kind of just display to me, what you think the key information", "tokens": [51524, 516, 2128, 13, 407, 498, 291, 393, 733, 295, 445, 4674, 281, 385, 11, 437, 291, 519, 264, 2141, 1589, 51844], "temperature": 0.0, "avg_logprob": -0.2666764992934007, "compression_ratio": 1.6199261992619927, "no_speech_prob": 0.057261258363723755}, {"id": 5, "seek": 2960, "start": 29.68, "end": 36.08, "text": " is that I can consume it to understand, you know, when matches are ending, when new matches", "tokens": [50368, 307, 300, 286, 393, 14732, 309, 281, 1223, 11, 291, 458, 11, 562, 10676, 366, 8121, 11, 562, 777, 10676, 50688], "temperature": 0.0, "avg_logprob": -0.1398725108096474, "compression_ratio": 1.696035242290749, "no_speech_prob": 0.01804278790950775}, {"id": 6, "seek": 2960, "start": 36.08, "end": 42.96, "text": " are starting and what the scores are and what place I'm in for the matches that are getting close", "tokens": [50688, 366, 2891, 293, 437, 264, 13444, 366, 293, 437, 1081, 286, 478, 294, 337, 264, 10676, 300, 366, 1242, 1998, 51032], "temperature": 0.0, "avg_logprob": -0.1398725108096474, "compression_ratio": 1.696035242290749, "no_speech_prob": 0.01804278790950775}, {"id": 7, "seek": 2960, "start": 42.96, "end": 50.0, "text": " to ending, that would be fantastic. So give that a shot. Let's see what you can do. Again, spend some", "tokens": [51032, 281, 8121, 11, 300, 576, 312, 5456, 13, 407, 976, 300, 257, 3347, 13, 961, 311, 536, 437, 291, 393, 360, 13, 3764, 11, 3496, 512, 51384], "temperature": 0.0, "avg_logprob": -0.1398725108096474, "compression_ratio": 1.696035242290749, "no_speech_prob": 0.01804278790950775}, {"id": 8, "seek": 2960, "start": 50.0, "end": 57.28, "text": " time like really thinking hard about what this should look like. I really wanted to be like a", "tokens": [51384, 565, 411, 534, 1953, 1152, 466, 437, 341, 820, 574, 411, 13, 286, 534, 1415, 281, 312, 411, 257, 51748], "temperature": 0.0, "avg_logprob": -0.1398725108096474, "compression_ratio": 1.696035242290749, "no_speech_prob": 0.01804278790950775}, {"id": 9, "seek": 5728, "start": 57.28, "end": 59.28, "text": " premium part of this dashboard. Thanks.", "tokens": [50368, 12049, 644, 295, 341, 18342, 13, 2561, 13, 50464], "temperature": 0.0, "avg_logprob": -0.5454575365239923, "compression_ratio": 0.8297872340425532, "no_speech_prob": 0.019945546984672546}], "language": "en"}