{"text": " All right, let's go with number two.", "segments": [{"id": 0, "seek": 0, "start": 0.0, "end": 2.0, "text": " All right, let's go with number two.", "tokens": [50364, 1057, 558, 11, 718, 311, 352, 365, 1230, 732, 13, 50464], "temperature": 0.0, "avg_logprob": -0.5328184274526743, "compression_ratio": 0.8181818181818182, "no_speech_prob": 0.050099752843379974}], "language": "en"}