{"text": " On my desktop dashboard, can you just add a small widget above prediction markets? That shows the price of Bitcoin, Ethereum, Solana, Gold, Silver, and the NASDAQ 100. Thanks.", "segments": [{"id": 0, "seek": 0, "start": 0.0, "end": 6.36, "text": " On my desktop dashboard, can you just add a small widget above prediction markets?", "tokens": [50364, 1282, 452, 14502, 18342, 11, 393, 291, 445, 909, 257, 1359, 34047, 3673, 17630, 8383, 30, 50682], "temperature": 0.0, "avg_logprob": -0.3360784451166789, "compression_ratio": 1.1986301369863013, "no_speech_prob": 0.02054598741233349}, {"id": 1, "seek": 0, "start": 6.36, "end": 16.2, "text": " That shows the price of Bitcoin, Ethereum, Solana, Gold, Silver, and the NASDAQ 100.", "tokens": [50682, 663, 3110, 264, 3218, 295, 11414, 11, 26894, 11, 7026, 2095, 11, 6731, 11, 15861, 11, 293, 264, 10182, 7509, 48, 2319, 13, 51174], "temperature": 0.0, "avg_logprob": -0.3360784451166789, "compression_ratio": 1.1986301369863013, "no_speech_prob": 0.02054598741233349}, {"id": 2, "seek": 0, "start": 16.2, "end": 17.0, "text": " Thanks.", "tokens": [51174, 2561, 13, 51214], "temperature": 0.0, "avg_logprob": -0.3360784451166789, "compression_ratio": 1.1986301369863013, "no_speech_prob": 0.02054598741233349}], "language": "en"}