{"text": " In dashboard ops, can you make sure to let me know when you automatically update the prediction market. That's, and please make sure you do that on a semi-regular cadence.", "segments": [{"id": 0, "seek": 0, "start": 0.0, "end": 5.0, "text": " In dashboard ops, can you make sure to let me know when you automatically update the prediction market.", "tokens": [50364, 682, 18342, 44663, 11, 393, 291, 652, 988, 281, 718, 385, 458, 562, 291, 6772, 5623, 264, 17630, 2142, 13, 50614], "temperature": 0.0, "avg_logprob": -0.28279919851393925, "compression_ratio": 1.3359375, "no_speech_prob": 0.018246376886963844}, {"id": 1, "seek": 0, "start": 5.0, "end": 9.0, "text": " That's, and please make sure you do that on a semi-regular cadence.", "tokens": [50614, 663, 311, 11, 293, 1767, 652, 988, 291, 360, 300, 322, 257, 12909, 12, 26713, 46109, 13, 50814], "temperature": 0.0, "avg_logprob": -0.28279919851393925, "compression_ratio": 1.3359375, "no_speech_prob": 0.018246376886963844}], "language": "en"}