{"text": " Super helpful. Can you just do me a favor and just put a little green or red dot next to each asset indicating if the market they trade within is currently opened or closed. Thanks.", "segments": [{"id": 0, "seek": 0, "start": 0.0, "end": 12.0, "text": " Super helpful. Can you just do me a favor and just put a little green or red dot next to each asset indicating if the market they trade within is currently opened or closed. Thanks.", "tokens": [50364, 4548, 4961, 13, 1664, 291, 445, 360, 385, 257, 2294, 293, 445, 829, 257, 707, 3092, 420, 2182, 5893, 958, 281, 1184, 11999, 25604, 498, 264, 2142, 436, 4923, 1951, 307, 4362, 5625, 420, 5395, 13, 2561, 13, 50964], "temperature": 0.0, "avg_logprob": -0.24279552552758193, "compression_ratio": 1.3407407407407408, "no_speech_prob": 0.016727278009057045}], "language": "en"}