{"text": " Looks really good, but I don't think whatever logo you tried to put next to I bit and did up coming through it looks like it had an error. May you also title this widget watch list please.", "segments": [{"id": 0, "seek": 0, "start": 0.0, "end": 4.84, "text": " Looks really good, but I don't think whatever logo you tried to put next to I bit and did", "tokens": [50364, 10027, 534, 665, 11, 457, 286, 500, 380, 519, 2035, 9699, 291, 3031, 281, 829, 958, 281, 286, 857, 293, 630, 50606], "temperature": 0.0, "avg_logprob": -0.3768456517433634, "compression_ratio": 1.3428571428571427, "no_speech_prob": 0.010118047706782818}, {"id": 1, "seek": 0, "start": 4.84, "end": 8.2, "text": " up coming through it looks like it had an error.", "tokens": [50606, 493, 1348, 807, 309, 1542, 411, 309, 632, 364, 6713, 13, 50774], "temperature": 0.0, "avg_logprob": -0.3768456517433634, "compression_ratio": 1.3428571428571427, "no_speech_prob": 0.010118047706782818}, {"id": 2, "seek": 0, "start": 8.2, "end": 11.120000000000001, "text": " May you also title this widget watch list please.", "tokens": [50774, 1891, 291, 611, 4876, 341, 34047, 1159, 1329, 1767, 13, 50920], "temperature": 0.0, "avg_logprob": -0.3768456517433634, "compression_ratio": 1.3428571428571427, "no_speech_prob": 0.010118047706782818}], "language": "en"}