{"text": " The other just look at the dashboard I currently have on my desktop and just suggest some ways to enhance it, either visually or from a performance perspective, what are some things you would suggest.", "segments": [{"id": 0, "seek": 0, "start": 0.0, "end": 12.0, "text": " The other just look at the dashboard I currently have on my desktop and just suggest some ways to enhance it, either visually or from a performance perspective, what are some things you would suggest.", "tokens": [50364, 440, 661, 445, 574, 412, 264, 18342, 286, 4362, 362, 322, 452, 14502, 293, 445, 3402, 512, 2098, 281, 11985, 309, 11, 2139, 19622, 420, 490, 257, 3389, 4585, 11, 437, 366, 512, 721, 291, 576, 3402, 13, 50964], "temperature": 0.0, "avg_logprob": -0.26963682872493094, "compression_ratio": 1.408450704225352, "no_speech_prob": 0.024990873411297798}], "language": "en"}