{"text": " Sure, let's do 30 seconds and set a 60 seconds just for now", "segments": [{"id": 0, "seek": 0, "start": 0.0, "end": 3.68, "text": " Sure, let's do 30 seconds and set a 60 seconds just for now", "tokens": [50364, 4894, 11, 718, 311, 360, 2217, 3949, 293, 992, 257, 4060, 3949, 445, 337, 586, 50548], "temperature": 0.0, "avg_logprob": -0.35895535680982804, "compression_ratio": 1.0350877192982457, "no_speech_prob": 0.02206798829138279}], "language": "en"}