{"text": " Can you make the animation on the banner of my desktop widget just a little bit more pronounced and cool looking?", "segments": [{"id": 0, "seek": 0, "start": 0.0, "end": 6.0, "text": " Can you make the animation on the banner of my desktop widget just a little bit more pronounced and cool looking?", "tokens": [50364, 1664, 291, 652, 264, 9603, 322, 264, 24348, 295, 452, 14502, 34047, 445, 257, 707, 857, 544, 23155, 293, 1627, 1237, 30, 50664], "temperature": 0.0, "avg_logprob": -0.20678430557250976, "compression_ratio": 1.202127659574468, "no_speech_prob": 0.018147587776184082}], "language": "en"}