{"text": " Alright, let's try a so rare widget underneath the TikTok stats app and you can also deploy your suggestion for the TikTok video list. Let's try those two first and then we'll go from there.", "segments": [{"id": 0, "seek": 0, "start": 0.0, "end": 12.0, "text": " Alright, let's try a so rare widget underneath the TikTok stats app and you can also deploy your suggestion for the TikTok video list.", "tokens": [50364, 2798, 11, 718, 311, 853, 257, 370, 5892, 34047, 7223, 264, 20211, 18152, 724, 293, 291, 393, 611, 7274, 428, 16541, 337, 264, 20211, 960, 1329, 13, 50964], "temperature": 0.0, "avg_logprob": -0.2147665853085725, "compression_ratio": 1.3970588235294117, "no_speech_prob": 0.017388157546520233}, {"id": 1, "seek": 0, "start": 12.0, "end": 16.0, "text": " Let's try those two first and then we'll go from there.", "tokens": [50964, 961, 311, 853, 729, 732, 700, 293, 550, 321, 603, 352, 490, 456, 13, 51164], "temperature": 0.0, "avg_logprob": -0.2147665853085725, "compression_ratio": 1.3970588235294117, "no_speech_prob": 0.017388157546520233}], "language": "en"}