{"text": " May you please add a refresh button to the watch list widget.", "segments": [{"id": 0, "seek": 0, "start": 0.0, "end": 7.0, "text": " May you please add a refresh button to the watch list widget.", "tokens": [50364, 1891, 291, 1767, 909, 257, 15134, 2960, 281, 264, 1159, 1329, 34047, 13, 50714], "temperature": 0.0, "avg_logprob": -0.35349225997924805, "compression_ratio": 0.953125, "no_speech_prob": 0.005763591267168522}], "language": "en"}