{"text": " Can you double check that my TikTok stats widget is updating followers appropriately? I think I have more than 18, but maybe you're right, I'm not sure.", "segments": [{"id": 0, "seek": 0, "start": 0.0, "end": 5.0, "text": " Can you double check that my TikTok stats widget is updating followers appropriately?", "tokens": [50364, 1664, 291, 3834, 1520, 300, 452, 20211, 18152, 34047, 307, 25113, 13071, 23505, 30, 50614], "temperature": 0.0, "avg_logprob": -0.2618810252139443, "compression_ratio": 1.1692307692307693, "no_speech_prob": 0.004503559786826372}, {"id": 1, "seek": 0, "start": 5.0, "end": 9.0, "text": " I think I have more than 18, but maybe you're right, I'm not sure.", "tokens": [50614, 286, 519, 286, 362, 544, 813, 2443, 11, 457, 1310, 291, 434, 558, 11, 286, 478, 406, 988, 13, 50814], "temperature": 0.0, "avg_logprob": -0.2618810252139443, "compression_ratio": 1.1692307692307693, "no_speech_prob": 0.004503559786826372}], "language": "en"}