{"text": " Please go ahead and do all three of those, regarding opus. Please keep opus as the default model, but use sun it as much as you can for basic tasks, thanks.", "segments": [{"id": 0, "seek": 0, "start": 0.0, "end": 4.64, "text": " Please go ahead and do all three of those, regarding opus.", "tokens": [50364, 2555, 352, 2286, 293, 360, 439, 1045, 295, 729, 11, 8595, 999, 301, 13, 50596], "temperature": 0.0, "avg_logprob": -0.4166926006938136, "compression_ratio": 1.3220338983050848, "no_speech_prob": 0.019687829539179802}, {"id": 1, "seek": 0, "start": 4.64, "end": 11.28, "text": " Please keep opus as the default model, but use sun it as much as you can for basic tasks, thanks.", "tokens": [50596, 2555, 1066, 999, 301, 382, 264, 7576, 2316, 11, 457, 764, 3295, 309, 382, 709, 382, 291, 393, 337, 3875, 9608, 11, 3231, 13, 50928], "temperature": 0.0, "avg_logprob": -0.4166926006938136, "compression_ratio": 1.3220338983050848, "no_speech_prob": 0.019687829539179802}], "language": "en"}