{"text": " Yes, please check the game and injury schedules for February 8th and then if you wouldn't suggest anything different, go ahead and make those two swapsies that I should consider as well. Thanks.", "segments": [{"id": 0, "seek": 0, "start": 0.0, "end": 7.2, "text": " Yes, please check the game and injury schedules for February 8th and then if you", "tokens": [50364, 1079, 11, 1767, 1520, 264, 1216, 293, 10454, 28078, 337, 8711, 1649, 392, 293, 550, 498, 291, 50724], "temperature": 0.0, "avg_logprob": -0.4370468060175578, "compression_ratio": 1.3020134228187918, "no_speech_prob": 0.03184559568762779}, {"id": 1, "seek": 0, "start": 7.2, "end": 11.28, "text": " wouldn't suggest anything different, go ahead and make those two swapsies that I", "tokens": [50724, 2759, 380, 3402, 1340, 819, 11, 352, 2286, 293, 652, 729, 732, 1693, 2382, 530, 300, 286, 50928], "temperature": 0.0, "avg_logprob": -0.4370468060175578, "compression_ratio": 1.3020134228187918, "no_speech_prob": 0.03184559568762779}, {"id": 2, "seek": 0, "start": 11.28, "end": 13.280000000000001, "text": " should consider as well. Thanks.", "tokens": [50928, 820, 1949, 382, 731, 13, 2561, 13, 51028], "temperature": 0.0, "avg_logprob": -0.4370468060175578, "compression_ratio": 1.3020134228187918, "no_speech_prob": 0.03184559568762779}], "language": "en"}