{"text": " Okay, that looks pretty messy. I do not want the NASDAQ composite. I want ticker symbol and DAQ.", "segments": [{"id": 0, "seek": 0, "start": 0.0, "end": 9.0, "text": " Okay, that looks pretty messy. I do not want the NASDAQ composite. I want ticker symbol and DAQ.", "tokens": [50364, 1033, 11, 300, 1542, 1238, 16191, 13, 286, 360, 406, 528, 264, 10182, 7509, 48, 25557, 13, 286, 528, 5204, 260, 5986, 293, 9578, 48, 13, 50814], "temperature": 0.0, "avg_logprob": -0.30805229318553, "compression_ratio": 1.0666666666666667, "no_speech_prob": 0.02078886143863201}], "language": "en"}