{"text": " In the Jane status widget, can you make the model age CPU and RAM text neon green and then the bottom numbers white?", "segments": [{"id": 0, "seek": 0, "start": 0.0, "end": 10.0, "text": " In the Jane status widget, can you make the model age CPU and RAM text neon green and then the bottom numbers white?", "tokens": [50364, 682, 264, 13048, 6558, 34047, 11, 393, 291, 652, 264, 2316, 3205, 13199, 293, 14561, 2487, 30820, 3092, 293, 550, 264, 2767, 3547, 2418, 30, 50864], "temperature": 0.0, "avg_logprob": -0.4054862771715437, "compression_ratio": 1.1262135922330097, "no_speech_prob": 0.048975273966789246}], "language": "en"}