{"text": " For the watch list widget, please move the title above the Bitcoin price. Some more at a prediction markets and Jane status and connected accounts make it bold and white and at the top of the widget.", "segments": [{"id": 0, "seek": 0, "start": 0.0, "end": 7.0, "text": " For the watch list widget, please move the title above the Bitcoin price.", "tokens": [50364, 1171, 264, 1159, 1329, 34047, 11, 1767, 1286, 264, 4876, 3673, 264, 11414, 3218, 13, 50714], "temperature": 0.0, "avg_logprob": -0.3264854715225544, "compression_ratio": 1.4420289855072463, "no_speech_prob": 0.022878373041749}, {"id": 1, "seek": 0, "start": 7.0, "end": 13.0, "text": " Some more at a prediction markets and Jane status and connected accounts make it bold and white", "tokens": [50714, 2188, 544, 412, 257, 17630, 8383, 293, 13048, 6558, 293, 4582, 9402, 652, 309, 11928, 293, 2418, 51014], "temperature": 0.0, "avg_logprob": -0.3264854715225544, "compression_ratio": 1.4420289855072463, "no_speech_prob": 0.022878373041749}, {"id": 2, "seek": 0, "start": 13.0, "end": 15.0, "text": " and at the top of the widget.", "tokens": [51014, 293, 412, 264, 1192, 295, 264, 34047, 13, 51114], "temperature": 0.0, "avg_logprob": -0.3264854715225544, "compression_ratio": 1.4420289855072463, "no_speech_prob": 0.022878373041749}], "language": "en"}