{"text": " Can you add ticker symbol and DAQ to my watch list above Bitcoin and put the NASDAQ logo to the left of it?", "segments": [{"id": 0, "seek": 0, "start": 0.0, "end": 9.0, "text": " Can you add ticker symbol and DAQ to my watch list above Bitcoin and put the NASDAQ logo to the left of it?", "tokens": [50364, 1664, 291, 909, 5204, 260, 5986, 293, 9578, 48, 281, 452, 1159, 1329, 3673, 11414, 293, 829, 264, 10182, 7509, 48, 9699, 281, 264, 1411, 295, 309, 30, 50814], "temperature": 0.0, "avg_logprob": -0.25026430622223883, "compression_ratio": 1.1382978723404256, "no_speech_prob": 0.009510433301329613}], "language": "en"}