{"text": " That'd be great. Thank you very much. Also, for some reason my TikTok status widget is showing 3.5,000 followers or views down 74,040 today. That is literally impossible. Can you please check why I'd say in that?", "segments": [{"id": 0, "seek": 0, "start": 0.0, "end": 6.0, "text": " That'd be great. Thank you very much. Also, for some reason my TikTok status widget is showing", "tokens": [50364, 663, 1116, 312, 869, 13, 1044, 291, 588, 709, 13, 2743, 11, 337, 512, 1778, 452, 20211, 6558, 34047, 307, 4099, 50664], "temperature": 0.0, "avg_logprob": -0.29091038620262816, "compression_ratio": 1.284848484848485, "no_speech_prob": 0.01307572703808546}, {"id": 1, "seek": 0, "start": 6.0, "end": 16.0, "text": " 3.5,000 followers or views down 74,040 today. That is literally impossible. Can you please check why I'd say in that?", "tokens": [50664, 805, 13, 20, 11, 1360, 13071, 420, 6809, 760, 28868, 11, 15, 5254, 965, 13, 663, 307, 3736, 6243, 13, 1664, 291, 1767, 1520, 983, 286, 1116, 584, 294, 300, 30, 51164], "temperature": 0.0, "avg_logprob": -0.29091038620262816, "compression_ratio": 1.284848484848485, "no_speech_prob": 0.01307572703808546}], "language": "en"}