{"text": " Sure, let me know if there's any legitimate updates, please.", "segments": [{"id": 0, "seek": 0, "start": 0.0, "end": 3.0, "text": " Sure, let me know if there's any legitimate updates, please.", "tokens": [50364, 4894, 11, 718, 385, 458, 498, 456, 311, 604, 17956, 9205, 11, 1767, 13, 50514], "temperature": 0.0, "avg_logprob": -0.44964170455932617, "compression_ratio": 0.9230769230769231, "no_speech_prob": 0.07153548300266266}], "language": "en"}