{"text": " Please also go ahead and add your visual enhancement suggest to number three, which is subtle animations, and then also add the reduced polling performance suggestion you said of bringing production markers in two minutes to five minutes, and for crypto adding a real-time website.", "segments": [{"id": 0, "seek": 0, "start": 0.0, "end": 7.5200000000000005, "text": " Please also go ahead and add your visual enhancement suggest to number three, which is", "tokens": [50364, 2555, 611, 352, 2286, 293, 909, 428, 5056, 40776, 3402, 281, 1230, 1045, 11, 597, 307, 50740], "temperature": 0.0, "avg_logprob": -0.37872616449991864, "compression_ratio": 1.5524861878453038, "no_speech_prob": 0.01403733342885971}, {"id": 1, "seek": 0, "start": 7.5200000000000005, "end": 13.44, "text": " subtle animations, and then also add the reduced polling performance suggestion you", "tokens": [50740, 13743, 22868, 11, 293, 550, 611, 909, 264, 9212, 29518, 3389, 16541, 291, 51036], "temperature": 0.0, "avg_logprob": -0.37872616449991864, "compression_ratio": 1.5524861878453038, "no_speech_prob": 0.01403733342885971}, {"id": 2, "seek": 0, "start": 13.44, "end": 17.44, "text": " said of bringing production markers in two minutes to five minutes, and for", "tokens": [51036, 848, 295, 5062, 4265, 19175, 294, 732, 2077, 281, 1732, 2077, 11, 293, 337, 51236], "temperature": 0.0, "avg_logprob": -0.37872616449991864, "compression_ratio": 1.5524861878453038, "no_speech_prob": 0.01403733342885971}, {"id": 3, "seek": 0, "start": 17.44, "end": 19.68, "text": " crypto adding a real-time website.", "tokens": [51236, 17240, 5127, 257, 957, 12, 3766, 3144, 13, 51348], "temperature": 0.0, "avg_logprob": -0.37872616449991864, "compression_ratio": 1.5524861878453038, "no_speech_prob": 0.01403733342885971}], "language": "en"}