{"text": " Actually, can you just revert the mouse back to the normal way it came in? I think I just was able to change how the mouse looks from the actual max settings. So I'd like to just have it how I just made it for the rest of my computer.", "segments": [{"id": 0, "seek": 0, "start": 0.0, "end": 5.0, "text": " Actually, can you just revert the mouse back to the normal way it came in?", "tokens": [50364, 5135, 11, 393, 291, 445, 319, 3281, 264, 9719, 646, 281, 264, 2710, 636, 309, 1361, 294, 30, 50614], "temperature": 0.0, "avg_logprob": -0.1729359399704706, "compression_ratio": 1.471698113207547, "no_speech_prob": 0.004508692771196365}, {"id": 1, "seek": 0, "start": 5.0, "end": 9.0, "text": " I think I just was able to change how the mouse looks from the actual max settings.", "tokens": [50614, 286, 519, 286, 445, 390, 1075, 281, 1319, 577, 264, 9719, 1542, 490, 264, 3539, 11469, 6257, 13, 50814], "temperature": 0.0, "avg_logprob": -0.1729359399704706, "compression_ratio": 1.471698113207547, "no_speech_prob": 0.004508692771196365}, {"id": 2, "seek": 0, "start": 9.0, "end": 13.0, "text": " So I'd like to just have it how I just made it for the rest of my computer.", "tokens": [50814, 407, 286, 1116, 411, 281, 445, 362, 309, 577, 286, 445, 1027, 309, 337, 264, 1472, 295, 452, 3820, 13, 51014], "temperature": 0.0, "avg_logprob": -0.1729359399704706, "compression_ratio": 1.471698113207547, "no_speech_prob": 0.004508692771196365}], "language": "en"}