{"text": " Can you move the title of the widget of the watchless widget to the top of the widget and make it look like the title of the other widgets on the dashboard?", "segments": [{"id": 0, "seek": 0, "start": 0.0, "end": 10.0, "text": " Can you move the title of the widget of the watchless widget to the top of the widget and make it look like the title of the other widgets on the dashboard?", "tokens": [50364, 1664, 291, 1286, 264, 4876, 295, 264, 34047, 295, 264, 1159, 1832, 34047, 281, 264, 1192, 295, 264, 34047, 293, 652, 309, 574, 411, 264, 4876, 295, 264, 661, 43355, 322, 264, 18342, 30, 50864], "temperature": 0.0, "avg_logprob": -0.25462596480910843, "compression_ratio": 1.625, "no_speech_prob": 0.022691529244184494}], "language": "en"}