{"text": " What are the five things you would suggest that you that I have you do to optimize your performance?", "segments": [{"id": 0, "seek": 0, "start": 0.0, "end": 6.0, "text": " What are the five things you would suggest that you that I have you do to optimize your performance?", "tokens": [50364, 708, 366, 264, 1732, 721, 291, 576, 3402, 300, 291, 300, 286, 362, 291, 360, 281, 19719, 428, 3389, 30, 50664], "temperature": 0.0, "avg_logprob": -0.265633894049603, "compression_ratio": 1.1764705882352942, "no_speech_prob": 0.027763046324253082}], "language": "en"}