{"text": " is I bit actually down 16% of the coins only down 12.7% or is that just because I bit's not trading after hours like they're going to be trading your meal time.", "segments": [{"id": 0, "seek": 0, "start": 0.0, "end": 8.44, "text": " is I bit actually down 16% of the coins only down 12.7% or is that just because", "tokens": [50364, 307, 286, 857, 767, 760, 3165, 4, 295, 264, 13561, 787, 760, 2272, 13, 22, 4, 420, 307, 300, 445, 570, 50786], "temperature": 0.0, "avg_logprob": -0.5445847077803179, "compression_ratio": 1.322314049586777, "no_speech_prob": 0.017784947529435158}, {"id": 1, "seek": 0, "start": 8.44, "end": 12.44, "text": " I bit's not trading after hours like they're going to be trading your meal time.", "tokens": [50786, 286, 857, 311, 406, 9529, 934, 2496, 411, 436, 434, 516, 281, 312, 9529, 428, 6791, 565, 13, 50986], "temperature": 0.0, "avg_logprob": -0.5445847077803179, "compression_ratio": 1.322314049586777, "no_speech_prob": 0.017784947529435158}], "language": "en"}