{"text": " Can you at least try and follow those instructions and see what happens? I don't think anything bad is going to happen", "segments": [{"id": 0, "seek": 0, "start": 0.0, "end": 4.92, "text": " Can you at least try and follow those instructions and see what happens? I don't think anything bad is going to happen", "tokens": [50364, 1664, 291, 412, 1935, 853, 293, 1524, 729, 9415, 293, 536, 437, 2314, 30, 286, 500, 380, 519, 1340, 1578, 307, 516, 281, 1051, 50610], "temperature": 0.0, "avg_logprob": -0.3320740947016963, "compression_ratio": 1.2291666666666667, "no_speech_prob": 0.03470192849636078}], "language": "en"}