{"text": " Can you also add Ibit, which is the BlackRock Bitcoin ETF price and percent increase or decrease underneath Bitcoin in that widget?", "segments": [{"id": 0, "seek": 0, "start": 0.0, "end": 8.56, "text": " Can you also add Ibit, which is the BlackRock Bitcoin ETF price and percent increase", "tokens": [50364, 1664, 291, 611, 909, 286, 5260, 11, 597, 307, 264, 4076, 39061, 11414, 37436, 3218, 293, 3043, 3488, 50792], "temperature": 0.0, "avg_logprob": -0.4173381866947297, "compression_ratio": 1.201834862385321, "no_speech_prob": 0.009341784752905369}, {"id": 1, "seek": 0, "start": 8.56, "end": 11.56, "text": " or decrease underneath Bitcoin in that widget?", "tokens": [50792, 420, 11514, 7223, 11414, 294, 300, 34047, 30, 50942], "temperature": 0.0, "avg_logprob": -0.4173381866947297, "compression_ratio": 1.201834862385321, "no_speech_prob": 0.009341784752905369}], "language": "en"}