{"text": " Can you make the background just look a little bit smoother and move a little bit slower and have it just bounce back and forth across the top of the screen instead of just going left to right please.", "segments": [{"id": 0, "seek": 0, "start": 0.0, "end": 10.0, "text": " Can you make the background just look a little bit smoother and move a little bit slower and have it just bounce back and forth across the top of the screen instead of just going left to right please.", "tokens": [50364, 1664, 291, 652, 264, 3678, 445, 574, 257, 707, 857, 28640, 293, 1286, 257, 707, 857, 14009, 293, 362, 309, 445, 15894, 646, 293, 5220, 2108, 264, 1192, 295, 264, 2568, 2602, 295, 445, 516, 1411, 281, 558, 1767, 13, 50864], "temperature": 0.0, "avg_logprob": -0.2150179619012877, "compression_ratio": 1.5384615384615385, "no_speech_prob": 0.0044067553244531155}], "language": "en"}