{"text": " When I'm in my dashboard, can you make it so that my cursor or my mouse player just appears after not losing for one minute?", "segments": [{"id": 0, "seek": 0, "start": 0.0, "end": 6.5, "text": " When I'm in my dashboard, can you make it so that my cursor or my mouse player just appears after not losing for one minute?", "tokens": [50364, 1133, 286, 478, 294, 452, 18342, 11, 393, 291, 652, 309, 370, 300, 452, 28169, 420, 452, 9719, 4256, 445, 7038, 934, 406, 7027, 337, 472, 3456, 30, 50689], "temperature": 0.0, "avg_logprob": -0.2605146285026304, "compression_ratio": 1.180952380952381, "no_speech_prob": 0.014867095276713371}], "language": "en"}