{"text": " Looking much better. Thank you so much for dashboard ops. Can you also let me know when you update the AI news widget? Thanks", "segments": [{"id": 0, "seek": 0, "start": 0.0, "end": 10.0, "text": " Looking much better. Thank you so much for dashboard ops. Can you also let me know when you update the AI news widget? Thanks", "tokens": [50364, 11053, 709, 1101, 13, 1044, 291, 370, 709, 337, 18342, 44663, 13, 1664, 291, 611, 718, 385, 458, 562, 291, 5623, 264, 7318, 2583, 34047, 30, 2561, 50864], "temperature": 0.0, "avg_logprob": -0.3032569885253906, "compression_ratio": 1.1904761904761905, "no_speech_prob": 0.04396628588438034}], "language": "en"}