{"text": " All right, you took me literally and added the refresh button, but it doesn't work. I'm clicking in. It's not spinning. I don't think it's refreshing. Also, and like, can you just cancel the crypto website for now? It doesn't look like it's working. Thanks.", "segments": [{"id": 0, "seek": 0, "start": 0.0, "end": 6.0, "text": " All right, you took me literally and added the refresh button, but it doesn't work. I'm clicking in. It's not spinning.", "tokens": [50364, 1057, 558, 11, 291, 1890, 385, 3736, 293, 3869, 264, 15134, 2960, 11, 457, 309, 1177, 380, 589, 13, 286, 478, 9697, 294, 13, 467, 311, 406, 15640, 13, 50664], "temperature": 0.0, "avg_logprob": -0.25650386810302733, "compression_ratio": 1.4685714285714286, "no_speech_prob": 0.023699864745140076}, {"id": 1, "seek": 0, "start": 6.0, "end": 8.0, "text": " I don't think it's refreshing.", "tokens": [50664, 286, 500, 380, 519, 309, 311, 19772, 13, 50764], "temperature": 0.0, "avg_logprob": -0.25650386810302733, "compression_ratio": 1.4685714285714286, "no_speech_prob": 0.023699864745140076}, {"id": 2, "seek": 0, "start": 8.0, "end": 14.0, "text": " Also, and like, can you just cancel the crypto website for now? It doesn't look like it's working. Thanks.", "tokens": [50764, 2743, 11, 293, 411, 11, 393, 291, 445, 10373, 264, 17240, 3144, 337, 586, 30, 467, 1177, 380, 574, 411, 309, 311, 1364, 13, 2561, 13, 51064], "temperature": 0.0, "avg_logprob": -0.25650386810302733, "compression_ratio": 1.4685714285714286, "no_speech_prob": 0.023699864745140076}], "language": "en"}