{"text": " Let's just do the dashboard for now. That's the main important part. So let's see what you can do by making a my mouse when I'm in the dashboard. Try and look as much on brand for the dashboard as possible.", "segments": [{"id": 0, "seek": 0, "start": 0.0, "end": 5.2, "text": " Let's just do the dashboard for now. That's the main important part. So let's see what you can do", "tokens": [50364, 961, 311, 445, 360, 264, 18342, 337, 586, 13, 663, 311, 264, 2135, 1021, 644, 13, 407, 718, 311, 536, 437, 291, 393, 360, 50624], "temperature": 0.0, "avg_logprob": -0.22753895653618705, "compression_ratio": 1.4714285714285715, "no_speech_prob": 0.006214214023202658}, {"id": 1, "seek": 0, "start": 5.2, "end": 13.6, "text": " by making a my mouse when I'm in the dashboard. Try and look as much on brand for the dashboard as possible.", "tokens": [50624, 538, 1455, 257, 452, 9719, 562, 286, 478, 294, 264, 18342, 13, 6526, 293, 574, 382, 709, 322, 3360, 337, 264, 18342, 382, 1944, 13, 51044], "temperature": 0.0, "avg_logprob": -0.22753895653618705, "compression_ratio": 1.4714285714285715, "no_speech_prob": 0.006214214023202658}], "language": "en"}