{"text": " Alright, so I'm liking the direction at the so-where MBA app is going. The first change I want you to make is can use make the so-where logo white because I can't really see it right now against the background.", "segments": [{"id": 0, "seek": 0, "start": 0.0, "end": 4.2, "text": " Alright, so I'm liking the direction at the so-where MBA app is going.", "tokens": [50364, 2798, 11, 370, 286, 478, 16933, 264, 3513, 412, 264, 370, 12, 1992, 26674, 724, 307, 516, 13, 50574], "temperature": 0.0, "avg_logprob": -0.36357361929757254, "compression_ratio": 1.4, "no_speech_prob": 0.010596062056720257}, {"id": 1, "seek": 0, "start": 4.2, "end": 8.0, "text": " The first change I want you to make is can use make the so-where logo white because", "tokens": [50574, 440, 700, 1319, 286, 528, 291, 281, 652, 307, 393, 764, 652, 264, 370, 12, 1992, 9699, 2418, 570, 50764], "temperature": 0.0, "avg_logprob": -0.36357361929757254, "compression_ratio": 1.4, "no_speech_prob": 0.010596062056720257}, {"id": 2, "seek": 0, "start": 8.0, "end": 10.0, "text": " I can't really see it right now against the background.", "tokens": [50764, 286, 393, 380, 534, 536, 309, 558, 586, 1970, 264, 3678, 13, 50864], "temperature": 0.0, "avg_logprob": -0.36357361929757254, "compression_ratio": 1.4, "no_speech_prob": 0.010596062056720257}], "language": "en"}