{"text": " They please add the market opener closed indicator to the left and make sure that you're bringing in the NASDAQ logo properly I just want to be the typical white and or the blue and that is known to be the NASDAQ logo", "segments": [{"id": 0, "seek": 0, "start": 0.0, "end": 7.0, "text": " They please add the market opener closed indicator to the left and make sure that you're bringing in the NASDAQ logo properly", "tokens": [50364, 814, 1767, 909, 264, 2142, 43850, 5395, 16961, 281, 264, 1411, 293, 652, 988, 300, 291, 434, 5062, 294, 264, 10182, 7509, 48, 9699, 6108, 50714], "temperature": 0.0, "avg_logprob": -0.19648103893927807, "compression_ratio": 1.4563758389261745, "no_speech_prob": 0.008887148462235928}, {"id": 1, "seek": 0, "start": 7.0, "end": 14.0, "text": " I just want to be the typical white and or the blue and that is known to be the NASDAQ logo", "tokens": [50714, 286, 445, 528, 281, 312, 264, 7476, 2418, 293, 420, 264, 3344, 293, 300, 307, 2570, 281, 312, 264, 10182, 7509, 48, 9699, 51064], "temperature": 0.0, "avg_logprob": -0.19648103893927807, "compression_ratio": 1.4563758389261745, "no_speech_prob": 0.008887148462235928}], "language": "en"}