{"text": " Can you make the mouse icon a little bit bigger and make it more of just a neon outline of the mouse as opposed to a full filled and green neon mouse?", "segments": [{"id": 0, "seek": 0, "start": 0.0, "end": 10.0, "text": " Can you make the mouse icon a little bit bigger and make it more of just a neon outline of the mouse as opposed to a full filled and green neon mouse?", "tokens": [50364, 1664, 291, 652, 264, 9719, 6528, 257, 707, 857, 3801, 293, 652, 309, 544, 295, 445, 257, 30820, 16387, 295, 264, 9719, 382, 8851, 281, 257, 1577, 6412, 293, 3092, 30820, 9719, 30, 50864], "temperature": 0.0, "avg_logprob": -0.24865979618496364, "compression_ratio": 1.4018691588785046, "no_speech_prob": 0.011026543565094471}], "language": "en"}