{"text": " All right, this is going to be an interesting request, but just had a curiosity. If I wanted to give you a voice and allow you to talk back to me, either through the MacMony or via WhatsApp voice messages, how would you suggest I do that?", "segments": [{"id": 0, "seek": 0, "start": 0.0, "end": 3.7600000000000002, "text": " All right, this is going to be an interesting request, but just had a curiosity.", "tokens": [50364, 1057, 558, 11, 341, 307, 516, 281, 312, 364, 1880, 5308, 11, 457, 445, 632, 257, 18769, 13, 50552], "temperature": 0.0, "avg_logprob": -0.30313341079219697, "compression_ratio": 1.391812865497076, "no_speech_prob": 0.016434941440820694}, {"id": 1, "seek": 0, "start": 3.7600000000000002, "end": 8.72, "text": " If I wanted to give you a voice and allow you to talk back to me, either through the", "tokens": [50552, 759, 286, 1415, 281, 976, 291, 257, 3177, 293, 2089, 291, 281, 751, 646, 281, 385, 11, 2139, 807, 264, 50800], "temperature": 0.0, "avg_logprob": -0.30313341079219697, "compression_ratio": 1.391812865497076, "no_speech_prob": 0.016434941440820694}, {"id": 2, "seek": 0, "start": 8.72, "end": 13.72, "text": " MacMony or via WhatsApp voice messages, how would you suggest I do that?", "tokens": [50800, 5707, 44, 2526, 420, 5766, 30513, 3177, 7897, 11, 577, 576, 291, 3402, 286, 360, 300, 30, 51050], "temperature": 0.0, "avg_logprob": -0.30313341079219697, "compression_ratio": 1.391812865497076, "no_speech_prob": 0.016434941440820694}], "language": "en"}